{
    "loop_mode": 2,
    "angle_scale": 1,
    "duration": 2400,
    "unknown": "0x0",
    
    "animations": [
        {
            "material_name": "lambert45_v",
            "material_texture_index": 0,
            "center": [0.5, 0.5, 0.5],
            
            "scale_u": [
                [0.0, 2.0, 0.0, 0.0]
            ],
            "scale_v": [
                [0.0, 2.0, 0.0, 0.0]
            ],
            "scale_w": [
                [0.0, 1.0, 0.0, 0.0]
            ],
            "rotation_u": [
                [0.0, 0.0, 0.0, 0.0]
            ],
            "rotation_v": [
                [0.0, 0.0, 0.0, 0.0]
            ],
            "rotation_w": [
                [0.0, 279.986572, 0.0, 0.0]
            ],
            "translation_u": [
                [0.0, 0.0, 0.0, 0.0],
                [2400.0, 0.0, 0.0, 0.0]
            ],
            "translation_v": [
                [0.0, 0.0, 0.0, 0.001667],
                [2400.0, 4.0, 0.001667, 0.0]
            ],
            "translation_w": [
                [0.0, 0.0, 0.0, 0.0],
                [2400.0, 0.0, 0.0, 0.0]
            ]
        },
        {
            "material_name": "lambert45_v",
            "material_texture_index": 1,
            "center": [0.5, 0.5, 0.5],
            
            "scale_u": [
                [0.0, 3.037109, 0.0, 0.0]
            ],
            "scale_v": [
                [0.0, 3.642578, 0.0, 0.0]
            ],
            "scale_w": [
                [0.0, 1.0, 0.0, 0.0]
            ],
            "rotation_u": [
                [0.0, 0.0, 0.0, 0.0]
            ],
            "rotation_v": [
                [0.0, 0.0, 0.0, 0.0]
            ],
            "rotation_w": [
                [0.0, 3.999023, 0.0, 0.0]
            ],
            "translation_u": [
                [0.0, 0.0, 0.0, -0.000833],
                [2400.0, -2.0, -0.000833, 0.0]
            ],
            "translation_v": [
                [0.0, 0.0, 0.0, 0.0],
                [2400.0, 0.0, 0.0, 0.0]
            ],
            "translation_w": [
                [0.0, 0.0, 0.0, 0.0],
                [2400.0, 0.0, 0.0, 0.0]
            ]
        },
        {
            "material_name": "lambert45_v",
            "material_texture_index": 2,
            "center": [0.5, 0.5, 0.5],
            
            "scale_u": [
                [0.0, 1.5, 0.0, 0.0]
            ],
            "scale_v": [
                [0.0, 0.8, 0.0, 0.0]
            ],
            "scale_w": [
                [0.0, 1.0, 0.0, 0.0]
            ],
            "rotation_u": [
                [0.0, 0.0, 0.0, 0.0]
            ],
            "rotation_v": [
                [0.0, 0.0, 0.0, 0.0]
            ],
            "rotation_w": [
                [0.0, 29.992676, 0.0, 0.0]
            ],
            "translation_u": [
                [0.0, 0.0, -0.000208, -0.000208],
                [2400.0, -1.0, -0.000208, -0.000208]
            ],
            "translation_v": [
                [0.0, 0.0, -0.000208, -0.000208],
                [2400.0, -1.0, -0.000208, -0.000208]
            ],
            "translation_w": [
                [0.0, 0.0, 0.0, 0.0],
                [2400.0, 0.0, 0.0, 0.0]
            ]
        }
    ]
}
